<?xml version="1.0"?>
<scene version="0.35">
	<beam type="line" length="0.500000" radius="0.025000" x="0.000000" y="0.000000" z="0.000000" xr="0.000000" yr="0.000000" zr="0.000000">
		<force value="0.400000" shift="0.000000" dAngle="90.000000" vAngle="0.000000"/>
		<force value="0.450000" shift="0.450000" dAngle="90.000000" vAngle="20.000000"/>
		<torque value="0.600000" shift="0.250000" dAngle="10.000000" vAngle="-10.000000"/>
		<pier shift="0.000000" dAngle="120.000000" vAngle="20.000000"/>
	</beam>
	<beam type="line" length="0.500000" radius="0.025000" x="0.000000" y="0.000000" z="0.500000" xr="-0.300000" yr="-0.900000" zr="0.000000">
		<force value="0.250000" shift="0.500000" dAngle="90.000000" vAngle="20.000000"/>
		<pier shift="0.500000" dAngle="90.000000" vAngle="-20.000000"/>
		<pier shift="0.150000" dAngle="90.000000" vAngle="-40.000000"/>
		<torque value="0.400000" shift="0.300000" dAngle="10.000000" vAngle="40.000000"/>
	</beam>
</scene>
